borrower_id,borrower_name,loan_amount,loan_start_year,job_title,company,industry,repayments_on_time,late_payments,avg_days_late,risk_score,explanation
101,Jane Doe,15000,2020,Software Engineer,Infosys,IT,36,0,0,0,"As a financial analyst, I've assessed the position of a Software Engineer at Infosys, considering various market and company-specific factors based on the provided texts.

---

**Assessment for Software Engineer at Infosys (IT Industry)**

**1. Company Stock Trend (Infosys - INFY)**
*   **Outlook:** Neutral to cautious in the short-to-medium term.
*   **Analysis:** CNN reports that INFY is ""most likely to perform neutral in line with market averages over the next 12 months."" While TipRanks indicates a positive sales forecast for the next quarter ($4.85B, beating the previous $4.72B), Wall Street analysts on WallStreetZen predict a potential fall in share price to $17.33 by April 2026. This suggests that while operational performance (sales) might be stable or slightly improving quarter-over-quarter, the market outlook for its share price over the next couple of years carries a downward bias.

**2. Industry Recession Risk (IT Industry)**
*   **Outlook:** Elevated caution, sub-par growth, but reduced full recession probability.
*   **Analysis:** J.P. Morgan Research has decreased the probability of a U.S. and global recession in 2025 from 60% to 40%, which is a positive sign. However, they still anticipate a ""period of sub-par growth."" This aligns with the World Bank's projection of global growth slowing to 2.3% in 2025. For the tech sector specifically, while ""demand for tech talent remains strong,"" companies are noted as ""becoming more cautious with hiring."" This indicates that while a severe recession might be less likely, the IT industry will operate in an environment of slower economic expansion and increased hiring scrutiny.

**3. Automation Risk for the Role (Software Engineer)**
*   **Outlook:** Significant transformation and evolution, not outright replacement.
*   **Analysis:** There are conflicting views on the direct replacement of software engineers by AI. WillRobotTakeMyJob.com rates ""Computer Programmers"" as ""High Risk (61-80%)"" for automation. However, other sources provide a more nuanced perspective:
    *   Reddit discussions suggest ""less SWE jobs"" and that ""the job market will just shrink and the day to day tasks will change,"" but ""SWEs aren't going anywhere.""
    *   Quora states ""NO. NEVER"" to complete replacement, drawing parallels to factory automation.
    *   Forbes highlights that software engineers are ""now expected to operate at a higher level of abstraction, requiring a blend of creativity, critical thinking.""
*   **Conclusion:** The role of a Software Engineer is undoubtedly undergoing significant transformation due to automation and AI. Purely coding tasks may be automated, leading to a potential reduction in the sheer volume of entry-level or routine positions. However, the profession is evolving towards higher-level problem-solving, architectural design, critical thinking, and creative application of technology, suggesting a shift in required skills rather than complete obsolescence.

**4. Acquisition/Merger Likelihood (for Infosys)**
*   **Outlook:** High likelihood of Infosys continuing as an active acquirer.
*   **Analysis:** Infosys has demonstrated a clear strategy of growth through acquisition. Recent texts confirm:
    *   It completed the acquisition of US-based MRE Consulting for $36 million, specifically to gain capabilities in energy sector trading and risk management.
    *   Infosys also announced definitive agreements to acquire The Missing Link, an Australian cybersecurity services firm.
    *   The company's revenue rose 4.8% and it publicly ""plans to acquire two firms"" (MRE Consulting and The Missing Link).
*   **Conclusion:** Based on recent activities and stated intentions, Infosys is highly likely to continue its strategy of strategic acquisitions to enhance capabilities, expand market reach, and diversify its service offerings.

**5. Skill Relevance (Software Engineer)**
*   **Outlook:** High, but evolving towards higher-order thinking and specialized knowledge.
*   **Analysis:** The relevance of traditional ""coding"" skills is diminishing, while the demand for advanced and broader skills is increasing.
    *   Software engineers are now expected to operate ""at a higher level of abstraction,"" requiring ""creativity, critical thinking,"" beyond mere coding.
    *   The tech job market in 2025 is ""evolving rapidly,"" shaped by ""technological innovation"" and ""shifting employer demands.""
    *   There's a sentiment that companies are asking for ""better skills"" and that ""developers are not wanted anymore"" (though this is qualified as ""a cap,"" implying a need for evolution rather than disappearance).
*   **Conclusion:** The core problem-solving and logical thinking skills of a software engineer remain highly relevant. However, continuous upskilling in areas like AI/ML integration, system design, architecture, advanced data structures, cybersecurity, cloud technologies, and soft skills like creativity and critical thinking are paramount for career longevity and success. The future lies in being an architect and problem-solver rather than just a coder.

**6. Product Demand Future (Infosys & IT Industry)**
*   **Outlook:** Strong and diversified, with growth in specialized areas like ESG, cybersecurity, and energy consulting.
*   **Analysis:**
    *   **IT Industry:** ""Demand for tech talent remains strong,"" indicating an underlying robust demand for IT products and services, despite cautious hiring.
    *   **Infosys Specific:** Infosys's acquisition targets (MRE Consulting for energy trading/risk management, The Missing Link for cybersecurity) directly reflect areas of current and future high demand. This shows where Infosys sees growth opportunities.
    *   Furthermore, Infosys's ""bolder ESG Vision 2030,"" aspiring to be ""climate positive,"" and expanding ""digital skilling and employability,"" points to a strategic focus on sustainability, environmental solutions, and talent development services. These are growing market segments driven by global shifts and regulatory pressures.
*   **Conclusion:** The future demand for IT products and services, particularly in specialized niches like cybersecurity, energy transition, and ESG-related solutions, appears strong. Infosys is strategically positioning itself to capitalize on these trends through acquisitions and its long-term vision."
102,John Smith,25000,2020,Mechanical Engineer,Bosch,Automotive,30,6,12,0,"As a financial analyst, here's an assessment for a Mechanical Engineer at Bosch in the Automotive industry, based on the provided information:

---

**Financial Analyst Assessment: Mechanical Engineer at Bosch (Automotive Industry)**

**1. Company Stock Trend (Bosch Ltd - BOSH)**
*   **Outlook:** Positive. Analysts forecast Bosch Ltd (BOSH) to grow earnings by 13.8% and revenue by 10.8% per annum.
*   **Price Targets:** The consensus price target for BOSCHLTD (likely the same entity) is 30,082.00 INR, with a potential high of 37,147.00 INR and a low of 23,600.00 INR, suggesting a generally optimistic outlook from analysts.
*   **Growth Strategy:** Bosch itself aims for strong growth, targeting 6-8% annual growth on average until 2030, reinforcing a positive long-term outlook.

**2. Industry Recession Risk (Automotive)**
*   **Mixed Signals:** The outlook for the global automotive industry in 2025 presents mixed signals regarding growth, but generally indicates a lower risk of a deep recession.
    *   Some forecasts suggest lower growth for global light vehicles, ""barely 1.3% YoY in 2025,"" potentially leading OEMs to ""shut down or restructure.""
    *   Conversely, Cox Automotive's 2025 outlook predicts a ""lower risk of recession"" with ""expected growth of 2.6%,"" consistent with pre-pandemic levels.
*   **US Market:** The US light-vehicle sales are forecast to be between 16.2 million and 16.4 million units in 2025, indicating continued, albeit not booming, demand.
*   **Stimulants:** Falling new car prices and slowly falling interest rates in 2025 could help stimulate demand.
*   **Conclusion:** While some segments might face restructuring or slower growth, the overall automotive industry appears to have a low risk of a major recession in 2025, with modest growth expected.

**3. Automation Risk for the Role (Mechanical Engineer)**
*   **Overall Low Risk:** The role of a Mechanical Engineer is assessed as having a ""Low Risk (21-40%)"" of automation. This is attributed to the demand for a mix of technical and human-centric skills that are difficult to automate.
*   **Task-Specific Risk:** While the entire role isn't highly susceptible, ""repetitive tasks, such as basic design or data analysis,"" within the mechanical engineering discipline are at risk of job displacement through automation and AI.
*   **Evolution, Not Obsolescence:** Mechanical engineering is ""not becoming obsolete""; rather, automation is revolutionizing industries and opening ""new avenues"" for engineers.

**4. Acquisition/Merger Likelihood (Bosch)**
*   **Acquirer, Not Target:** Bosch is actively pursuing significant acquisitions, indicating it is a growth-oriented acquirer rather than a potential merger target.
*   **Recent Activity:** Bosch recently announced its largest acquisition in the company's history, planning to take over the global HVAC (heating, ventilation, and air conditioning) solutions business for residential and light commercial buildings from Johnson Controls for USD 8 billion. This acquisition is a key part of Bosch's growth strategy, particularly in the United States.
*   **Strategic Growth:** This major move highlights Bosch's focus on expanding into new, strategic markets and achieving its ambitious growth targets through acquisition.

**5. Skill Relevance (Mechanical Engineer)**
*   **High Relevance, Evolving Nature:** Mechanical engineering skills remain highly relevant, but the field is rapidly evolving. An engineer from 100 years ago would be ""totally lost"" in today's industries, highlighting the need for continuous adaptation.
*   **Key Trends:** The automotive industry is heavily influenced by trends like ""EVs (Electric Vehicles) and AI,"" implying that Mechanical Engineers need to be proficient or adaptable in these areas.
*   **Bosch's Focus:** Bosch emphasizes its ""strengths as a technology leader"" and has a ""Strategy 2030"" focused on innovation and ambitious goals, suggesting a strong demand for engineers who can contribute to cutting-edge technology development.
*   **Adaptation is Key:** While core mechanical principles remain, engineers must embrace new technologies and focus on higher-level problem-solving and human-centric skills to stay ahead of automation.

**6. Product Demand Future (Automotive and Bosch's relevant products)**
*   **Automotive:**
    *   **Light Vehicles:** Forecasts suggest modest growth in global light vehicle sales (1.3% - 2.6%) for 2025, with US sales predicted between 16.2-16.4 million units.
    *   **EV Market:** The EV market is expected to ""Grow, Slow and Steady.""
    *   **Affordability:** Falling new car prices and declining interest rates could positively influence buyer satisfaction and demand.
*   **Bosch's Diversification:** Bosch's significant acquisition of Johnson Controls' HVAC business indicates a strong belief in the future demand for energy-efficient building technology solutions, diversifying its product portfolio beyond traditional automotive components.
*   **Overall Bosch Growth:** Bosch's target of 6-8% annual growth until 2030 suggests confidence in the demand for its overall product and technology portfolio, driven by innovation and strategic expansion into new areas like HVAC, alongside its core automotive business."
103,Alice Johnson,12000,2020,Marketing Specialist,FutureTech,Advertising,28,8,9,0,"As a financial analyst assessing the prospects for a Marketing Specialist at ""FutureTech in the Advertising industry,"" it's critical to first address a significant discrepancy in the provided information:

**Key Discrepancy:** The ""FutureTech II Acquisition Corp."" (FTII/FTIIU) discussed in the stock-related texts is a Special Purpose Acquisition Company (SPAC) that has announced a business combination with **Longevity Biomedical, Inc.** This means FutureTech II Acquisition Corp. is in the process of becoming a biopharmaceutical company, not a technology company in the advertising industry. Therefore, the stock-related information for FTII/FTIIU is **not relevant** to a Marketing Specialist working for a ""FutureTech"" company *in the advertising industry*.

Assuming the ""Marketing Specialist at FutureTech in the Advertising industry"" refers to a generic advertising firm, and the company-specific stock/merger details provided are for a separate entity, here is the assessment:

---

**Assessment for a Marketing Specialist at ""FutureTech"" (an illustrative Advertising Industry Company)**

**1. Company Stock Trend (Based on provided FTII data, acknowledging irrelevance to advertising industry role):**
*   **Analysis:** FutureTech II Acquisition Corp. (FTIIU) has a 52-week stock range between $10.10 and $13.50. As a SPAC, its primary value driver is its impending merger. The stock appears to trade above its typical initial offering price of $10, indicating some market confidence or speculative interest in the acquisition. Recent news shows the company entering into convertible note deals and subscription agreements, suggesting active capital-raising and deal finalization.
*   **Relevance to Role:** Given FTII is merging to become a biopharmaceutical company, its stock trend and financial activities are **directly irrelevant** to the performance or prospects of a Marketing Specialist role within an *advertising industry* context. If the specialist were working directly for the post-merger Longevity Biomedical, Inc., then this data would be pertinent.

**2. Industry Recession Risk (Advertising Industry):**
*   **Analysis:** The advertising industry faces a period of **heightened uncertainty and potential slowdowns**, particularly in the US.
    *   Forecasts indicate US ad growth will slow in 2025, driven by economic uncertainty and tariff-related risks, leading to potential mid-year budget shifts.
    *   Analyst predictions show a drop in ad industry growth from 4.5% to 3.6%.
    *   However, despite these headwinds, global advertising revenues are still projected to grow, with Magna predicting a 4.9% increase in 2025 to $979 billion.
*   **Risk Level:** Moderate to High. While global growth continues, the rate of growth is slowing, and economic volatility, especially in major markets like the US, could lead to budget tightening and a more competitive environment for advertising professionals.

**3. Automation Risk for the Role (Marketing Specialist):**
*   **Analysis:** The role of a Marketing Specialist carries a **moderate, evolving risk of automation**.
    *   While ""Marketing Managers"" are cited as having a ""Low Risk"" (21-40%) of automation due to requiring a mix of technical and human-centric skills, a ""Specialist"" role might involve more routine or data-driven tasks that are more susceptible.
    *   AI is expected to accelerate marketing processes, potentially reducing the need for certain manual tasks and thus enabling firms to operate with fewer personnel (""a firm that once needed seven people may get by with five by using AI"").
    *   The market is seeing high demand for specific roles like Marketing Automation, CRM Specialists, and AI-driven marketing, suggesting that while some tasks are automated, the *management and strategic application of automation tools* are highly valued skills.
*   **Implication for Role:** Jobs in marketing are not facing complete replacement, but rather a **transformation**. Specialists whose roles are heavily focused on repetitive, data-entry, or purely analytical tasks without a strategic or creative component are at higher risk. Those who can leverage AI and automation tools, manage complex campaigns, and provide strategic insights will be more secure.

**4. Acquisition/Merger Likelihood (for ""FutureTech"" in Advertising):**
*   **Analysis:** Based *solely* on the provided texts, there is **no information** suggesting that a ""FutureTech"" company *operating in the advertising industry* is likely to be acquired or merge.
*   **Clarification:** The extensive information regarding FutureTech II Acquisition Corp. explicitly details its ongoing business combination with Longevity Biomedical, Inc. (a biopharmaceutical company). This refers to a SPAC completing its de-SPAC transaction, not an advertising firm being acquired.

**5. Skill Relevance (for Marketing Specialist):**
*   **Analysis:** Skill relevance for marketing professionals is undergoing rapid evolution, necessitating **continuous adaptation and upskilling**.
    *   Demand for skilled marketing and creative professionals remains strong overall.
    *   Specific in-demand roles include Marketing Automation, CRM Specialists, AI-driven marketing, and Paid Ads expertise.
    *   However, several core marketing skills are projected to become ""obsolete by 2027,"" indicating a shift away from traditional or purely ""digital"" marketing skills towards more strategic and technology-integrated competencies. Marketers are urged to proactively adapt and cultivate new skills.
*   **Implication for Role:** A Marketing Specialist needs to continuously update their skillset, focusing on areas like AI tools, marketing automation platforms, data analytics for strategic insights, and creative problem-solving. Over-reliance on outdated ""digital"" marketing tactics without incorporating new technologies and strategic thinking will diminish relevance.

**6. Product Demand Future (Advertising Industry Products/Services):**
*   **Analysis:** The demand for advertising products and services is projected to continue growing globally, although at a **slower and more volatile pace** in the near term.
    *   Global advertising revenues are expected to increase by 4.9% in 2025.
    *   However, this growth rate is a reduction from previous forecasts (e.g., from 4.5% to 3.6% by Madison and Wall for the ad industry), primarily due to economic uncertainty and global tariffs.
    *   Advertisers are preparing for a ""highly volatile 2025.""
*   **Outlook:** While the advertising market is not shrinking, its growth trajectory is moderating and becoming more unpredictable. Companies will likely prioritize efficiency, ROI, and measurable results, shifting demand towards more performance-based advertising solutions and sophisticated analytics. This implies sustained, albeit more selective, demand for effective marketing solutions.

---

**Overall Conclusion:**

A Marketing Specialist in the advertising industry faces a dynamic environment. While global demand for advertising services remains robust, the growth rate is slowing amidst economic uncertainty. The role itself is undergoing significant transformation due to AI and automation, demanding a proactive shift in skills towards strategic application of technology and data analysis rather than purely operational tasks. The specific company ""FutureTech II Acquisition Corp."" and its stock/merger data are unrelated to a marketing role in the advertising sector, as it is becoming a biopharmaceutical company. Therefore, a Marketing Specialist should focus on developing advanced, adaptable skills within the marketing domain, preparing for a more competitive and technologically-driven landscape."
104,Bob Lee,20000,2020,Data Analyst,Paytm,Fintech,36,0,0,0,"As a financial analyst, I've assessed the prospects for a Data Analyst role at Paytm within the Fintech industry, drawing solely from the provided texts.

---

### Assessment: Data Analyst at Paytm (Fintech Industry)

**1. Company Stock Trend (Paytm / One97 Communications)**
*   **Positive Outlook:** Bernstein has given Paytm an ""Outperform"" rating with a target price implying a 23.4% upside. This suggests a strong near-term positive sentiment from a global brokerage.
*   **Path to Profitability:** Paytm is forecast to become profitable within the next 3 years, growing faster than the savings rate (6.7%), indicating a positive long-term financial trajectory.
*   **Improving EPS:** While the last quarter saw a negative EPS (-8.25 INR), the next quarter is expected to turn positive (0.29 INR), signaling an improving earnings per share trend.
*   **Investor Confidence:** Goldman Sachs' acquisition of a significant stake (Rs 300-crore) in Paytm through bulk deals suggests institutional investor confidence in the company's future.
*   **Overall:** The stock trend for Paytm appears to be on an upward trajectory, supported by analyst ratings, a clear path to profitability, and significant institutional investment, despite recent historical losses.

**2. Industry Recession Risk (Fintech / Payments)**
*   **Resilience:** The payments industry, a core component of Fintech, is expected to be ""relatively resilient even as consumer spending likely weakens"" during a recession.
*   **Accelerated Growth:** The fintech industry overall is projected to grow ""almost three times faster than those in the traditional banking"" sector.
*   **Outpacing Traditional Finance:** Fintech revenues grew 21% year-over-year (up from 13% in 2023), significantly outpacing the 6% growth in the broader financial services sector.
*   **Overall:** The Fintech industry, particularly the payments sector, demonstrates strong growth and resilience, suggesting a lower recession risk compared to traditional financial sectors. This bodes well for a company like Paytm operating within this space.

**3. Automation Risk for the Role (Data Analyst)**
*   **Partial Automation Likely:** It is ""unlikely that data analyst roles will be completely replaced by automation in the near future."" However, ""certain tasks and processes can be easily automated.""
*   **Significant Threat for BI Analysts:** For Business Intelligence Analysts (a closely related role), there's a ""High Risk (61-80%)"" where many tasks can be automated. This suggests a similar threat for Data Analysts.
*   **Adaptation is Key:** Analysts are advised to ""understand patterns that improve with time and use"" and ""add a new layer to your skill,"" implying continuous learning is necessary to remain relevant.
*   **Human Element as Mitigation:** ""A good analyst that understands the human side of analytics won't get replaced in a few years."" This suggests that roles requiring creative thinking, interpretation, and strategic insight are less susceptible.
*   **Overall:** While complete obsolescence of the Data Analyst role is unlikely in the near future, there is a significant risk of automation for routine or easily codifiable tasks. The role will evolve, requiring adaptability, continuous skill enhancement, and a focus on the interpretative and strategic ""human side"" of analytics to mitigate risk.

**4. Acquisition/Merger Likelihood (for Paytm)**
*   **Acquirer, Not Target:** Paytm has a history of being an active acquirer, having completed 16 acquisitions with an average acquisition amount of $12.9M. Its most active year for acquisitions was 2018.
*   **Recent Strategic Investments:** Paytm Cloud recently acquired a 25% stake in US-based Seven Technology, further demonstrating its inorganic growth strategy.
*   **Investor Stake Acquisition:** While Goldman Sachs acquired a significant stake in Paytm, this represents an investment in Paytm rather than an indication of Paytm itself being a target for a full acquisition or merger.
*   **Overall:** Based on its historical activity and recent actions, Paytm is more likely to be an acquirer of other companies or technologies rather than a target for acquisition or merger itself. Its growth strategy appears to involve strategic investments and takeovers.

**5. Skill Relevance (for Data Analyst)**
*   **Growing Demand (Fintech):** Data jobs in Fintech are competitive, implying a demand for skilled professionals. The World Economic Forum's ""Future of Jobs"" report highlights fastest-growing roles, likely including data-centric ones in Fintech.
*   **Evolution, Not Obsolescence:** Data analysts are ""not at risk of becoming obsolete,"" but the role will change.
*   **Key Future Skills:** The ""Future of Jobs Report 2025"" highlights increasing demand for ""creative thinking,"" ""resilience, flexibility, and agility skills"" for job creation, which are crucial for adapting to AI's impact on data analysis.
*   **Continuous Learning:** Maintaining skill relevance means ""adding a new layer to your skill"" and focusing on understanding patterns, rather than just basic programming or task execution. ""Employee learning and professional development programs"" are critical to overcoming skill shortages and obsolescence.
*   **Human-Centric Analytics:** Understanding ""the human side of analytics"" is critical to not being replaced.
*   **Overall:** Skill relevance for a Data Analyst in Fintech is high, given the industry's growth. However, this relevance is conditional on continuous learning, adaptation to new tools (like AI), and developing ""soft skills"" such as creative thinking, flexibility, and the ability to interpret data from a human perspective, rather than just technical execution.

**6. Product Demand Future (Paytm)**
*   **Digital Payments Growth:** Mirae Asset estimates a ""20% GMV CAGR over fiscals 2024 to 2030,"" aligning with Paytm's significant market share (27%) in digital payments. This indicates strong sustained demand for its core offerings.
*   **Digital Lending Expansion:** The digital lending market, a key part of Paytm's business model, is projected to grow substantially at a ""CAGR of 33%, reaching $515 billion by 2030."" This points to a massive and expanding market for one of Paytm's significant revenue streams.
*   **General Fintech Growth:** The overall fintech industry is experiencing rapid revenue growth (21% YoY), indicating a broader tailwind for digital financial services.
*   **Overall:** The future demand for Paytm's products and services, particularly in digital payments and digital lending, is projected to be very strong, driven by significant market growth and Paytm's established market position. This supports Paytm's forecasted profitability and sustained growth.

---

**Summary for a Data Analyst at Paytm:**

The outlook for a Data Analyst at Paytm in the Fintech industry appears **favorable but dynamic**. Paytm itself is on a **positive financial trajectory**, supported by strong analyst ratings and a clear path to profitability, operating within a **resilient and rapidly growing Fintech industry** that is less susceptible to recessionary pressures than traditional finance.

However, the Data Analyst role faces **significant automation risk** for routine tasks, necessitating continuous skill development, particularly in advanced analytics, creative thinking, and the ""human side"" of data interpretation. Paytm's strategy of **acquiring other companies** rather than being acquired itself suggests a growth-oriented environment. Crucially, the **demand for Paytm's core products** (digital payments and lending) is expected to grow robustly into the future, ensuring a continuous need for data-driven insights to support this expansion.

Therefore, while the technical landscape for a Data Analyst is evolving rapidly, the underlying company and industry fundamentals are strong, offering good prospects for professionals willing to adapt and upskill."
105,Mary Liu,18000,2020,Customer Support Executive,Airtel,Telecom,34,2,5,0,"As a financial analyst, I've assessed the provided information to evaluate the various factors for a Customer Support Executive role at Airtel in the Telecom industry.

---

**Assessment for Customer Support Executive at Airtel**

**1. Company Stock Trend (Bharti Airtel)**
*   **Assessment:** **Strong and Positive.**
*   **Rationale:** Bharti Airtel shares recently experienced a ""notable surge"" and are forecast to exhibit robust growth. Earnings per share (EPS) are expected to grow by 14.1% per annum, with overall earnings and revenue projected to increase by 14.3% and 11.5% per annum, respectively. Long-term outlooks predict exponential development by 2030, leveraging telecom dominance and expansion into digital and financial services (e.g., Airtel Payments Bank revenue projected to reach $1 billion by 2030). This indicates a healthy and expanding company.

**2. Industry Recession Risk (Telecom Industry)**
*   **Assessment:** **Low Risk.**
*   **Rationale:** The global telecommunications industry shows consistent growth, with total service revenue rising 4.3% in 2023 to US$1.14 trillion. Forecasts for 2024 and beyond predict ""accelerated growth"" driven by continued demand for connectivity. Mobile and fixed broadband subscriptions are expected to grow steadily through 2030. The industry is also exploring new revenue channels through technologies like FWA, generative AI integration, and 6G, signaling a resilient and evolving sector.

**3. Automation Risk for the Role (Customer Support Executive)**
*   **Assessment:** **High Risk.**
*   **Rationale:** The texts directly highlight that ""new customer service automation technology can pare the costs of employing live people at contact centres."" While there's a cautionary note about ""frustrating chatbots"" and the need for good customer experience, the primary driver for automation in customer service is cost reduction. This indicates a strong incentive for companies like Airtel to implement automation, potentially reducing the need for human customer support executives, especially for routine inquiries.

**4. Acquisition/Merger Likelihood (for Airtel)**
*   **Assessment:** **Low likelihood of being acquired; High likelihood of strategic asset acquisitions/divestitures.**
*   **Rationale:** Airtel is portrayed as an active player in strategic market moves rather than a target for a full corporate acquisition. They recently ""called off DTH merger talks with Tata Group,"" indicating a selective approach to large-scale mergers. Conversely, Airtel is actively acquiring assets, such as ""400 megahertz of 26GHz spectrum from Adani to boost 5G expansion,"" and has been involved in divestitures, like the sale of 12,700 telecom towers to Indus Towers. The general industry outlook mentions M&A activity as a future potential for growth, but Airtel's specific actions suggest it's more likely to be an acquirer or a strategic asset trader than a company being acquired.

**5. Skill Relevance (for Customer Support Executive)**
*   **Assessment:** **High risk of obsolescence for traditional skills; increasing demand for complex problem-solving and digital fluency.**
*   **Rationale:** The concept of ""skill obsolescence"" is a recurring theme, driven by ""the fast pace of technological change,"" ""market changes,"" ""shifting consumer preferences,"" and ""new business models."" Given the high automation risk identified for customer service, routine or repetitive tasks typically handled by Customer Support Executives are most vulnerable. While not explicitly stated for this role, it can be inferred that skills like basic query resolution, data entry, or standard troubleshooting may become less relevant. Instead, skills related to handling complex, non-standard issues, empathetic customer engagement, digital literacy, and potentially managing automated systems will become more valuable.

**6. Product Demand Future (Airtel's offerings)**
*   **Assessment:** **Strong and Diversified.**
*   **Rationale:** The demand for core telecom products remains robust, with continued growth expected in mobile and fixed broadband subscriptions. Beyond traditional services, Airtel is poised to benefit from emerging technologies and diversified offerings. The industry forecasts ""continued growth in FWA and generative AI integration on smartphones,"" alongside the future potential of 6G. Furthermore, Airtel is actively expanding into ""digital and financial services,"" exemplified by the significant revenue growth projected for Airtel Payments Bank. This diversification provides multiple avenues for future product demand and revenue generation.

---"
106,Chris Paul,22000,2020,Manufacturing Technician,TVS Motors,Manufacturing,27,9,15,0,"As a financial analyst, I have assessed the following aspects for a Manufacturing Technician role at TVS Motors within the Manufacturing industry, based on the provided information:

---

**1. Company Stock Trend (TVS Motors)**
The outlook for TVS Motors' stock trend appears **highly positive and bullish**.
*   **Strong Technical Indicators:** The stock is taking support around its 14-day and 200-day Exponential Moving Averages (EMAs), with an analyst projecting a breakout above ₹2850. A recent 20-day moving crossover (Jun 16, 2025) has historically led to an average price gain of 3.8% within 7 days.
*   **Robust Financial Growth:** TVS Motor Company has demonstrated a Compound Annual Growth Rate (CAGR) for net income of 20% over the last 8 years, with a projected CAGR of 35% for the next 2 years. This strong earnings growth underpins positive stock performance.

**2. Industry Recession Risk (Manufacturing Industry)**
The manufacturing industry's recession risk is **mixed but trending towards recovery and growth in 2025.**
*   **Past Challenges:** The sector has faced a ""prolonged recession"" and ""challenging and uncertain business climate due to higher costs."" Industrial production was unexpectedly flat in April (relative to forecast) although it was up 1.5% compared to the prior year.
*   **Future Optimism:** US manufacturers are ""optimistic that the sector will emerge from a prolonged recession next year"" (2025). Favorable economic conditions such as lower interest rates and continued investment in US manufacturing are expected to ""reignite demand"" in 2025.

**3. Automation Risk for the Role (Manufacturing Technician)**
The automation risk for a **Manufacturing Technician** role appears **low to moderate, with a strong demand for skilled labor.**
*   **Nature of the Role:** While automation can displace workers performing ""routine tasks"" or those with ""lower levels of education,"" a ""Manufacturing Automation Technician"" is implied to be a skilled role involved in operating, maintaining, and troubleshooting complex systems. Such roles are often *enabled* by automation rather than replaced by it.
*   **Skilled Labor Shortfall:** The U.S. manufacturing sector faces a significant ""shortfall of 1.9 million manufacturing workers by 2033,"" with a projection of 3.8 million open positions. There is ""record-high pressure"" for ""critical trade skills"" in manufacturing. This indicates a high demand for skilled technicians.
*   **Evolving Needs:** Manufacturers have a ""growing need to make their organizations more resilient and responsive,"" which often involves leveraging automation, thereby increasing the need for skilled personnel to manage these systems.

**4. Acquisition/Merger Likelihood (TVS Motors)**
The likelihood of TVS Motors engaging in acquisitions or mergers is **high and ongoing.**
*   **Active Acquisition History:** TVS Motor Company has a history of completing acquisitions, with 7 completed at an average of $30.3 million. 2022 was a particularly active year with two acquisitions.
*   **Confirmed Future Integration:** TVS Motor has a confirmed merger/acquisition with ION Mobility, an e-scooter startup, where the entire ION Mobility team will integrate with TVS Motor starting April 1, 2025. Assets from ION Mobility were acquired for US$1.7 million. This demonstrates a strategic approach to inorganic growth, particularly in new and emerging segments like electric vehicles.

**5. Skill Relevance (Manufacturing Technician)**
Skill relevance for a Manufacturing Technician is **high, but requires continuous adaptation.**
*   **High Demand for Trade Skills:** There is a ""record-high pressure"" and ""critical demand for trade skills in the US,"" specifically in manufacturing. The industry faces a significant worker shortfall by 2033, indicating a persistent need for skilled individuals.
*   **Dynamic Environment:** While core trade skills remain vital, the manufacturing sector is evolving. The concept of ""skill obsolescence"" is accelerating, meaning continuous learning and development in new technologies (e.g., automation maintenance, advanced diagnostics) will be crucial to maintain and enhance relevance in the face of increasingly automated and responsive manufacturing environments.

**6. Product Demand Future (TVS Motors)**
The future for TVS Motors' product demand appears **strong and growth-oriented.**
*   **Ambitious Growth Vision:** TVS Motor Company aims to be a ""top global two-wheeler manufacturer,"" with a Vision 2030 goal of achieving ""50% global revenue in 3 years."" This ambitious target inherently relies on robust product demand.
*   **Innovation-Driven Strategy:** The company's vision includes the ""launch of innovative products featuring segment-first features,"" which is a key driver for stimulating and capturing market demand.
*   **Strategic Expansion:** The acquisition of ION Mobility indicates a strategic move into growing segments such as electric vehicles (e-scooters), aligning with future market trends and diversifying product offerings to capture new demand.
*   **Sustainability Focus:** TVS Motor's commitment to ""sustainability and ESG practices"" can also resonate with an increasing segment of environmentally conscious consumers, potentially boosting demand.
*   **Projected Income Growth:** The projected 35% net income CAGR for the next 2 years strongly suggests an underlying expectation of increasing product sales and demand."
107,Susan Miller,30000,2020,UX Designer,Zomato,Food Tech,35,1,3,0,"As a financial analyst, I've assessed the position of a UX Designer at Zomato within the Food Tech industry, based on the provided information.

---

### **Assessment for UX Designer at Zomato**

**1. Company Stock Trend (Zomato)**

*   **Assessment:** **Positive long-term growth potential, with short-term stability expected.**
*   **Analysis:** WalletInvestor predicts a ""long-term increase,"" with a target price of 475.134 INR by 2030. Analysts have an average price target of 315.00 INR in the past three months, indicating confidence. Zomato's CEO, Deepinder Goyal, has ambitious targets of achieving $1 billion+ in profit and potentially becoming a $100 billion company by 2030, which would strongly reflect in stock performance. Sustained order growth, margin expansion, and continued execution are identified as key drivers for this performance.
*   **Implication for Role:** A positive stock trend suggests a stable and potentially growing company, which can translate to better job security, growth opportunities, and potentially performance-based incentives for employees.

**2. Industry Recession Risk (Food Tech)**

*   **Assessment:** **Currently facing a downturn, but a strong rebound and growth are imminent.**
*   **Analysis:** The Foodtech industry experienced a ""significant downturn in the fourth quarter of 2024,"" with deal counts at an all-time low due to a ""Global Economic Slowdown."" However, experts predict a ""strong growth in the next 12 months and beyond,"" with a new ""€23bn food tech growth and investment boom 'imminent'."" The expectation is for 2025 to be ""much more acquisitive"" due to falling interest rates and pent-up demand.
*   **Implication for Role:** While there was a recent slowdown, the industry is poised for significant recovery and growth. This suggests that the environment for innovation and product development (where UX designers play a crucial role) is set to improve, leading to increased opportunities rather than contraction.

**3. Automation Risk for the Role (UX Designer)**

*   **Assessment:** **High likelihood of task automation and role evolution, but not outright replacement.**
*   **Analysis:** There is a consensus that AI will not entirely replace UX designers, but it will ""change how we work."" AI is capable of automating tasks such as ""crunching numbers, spot patterns,"" potentially leading to ""fewer staff"" needed for certain manual aspects. The sentiment among industry professionals is to ""leverage"" AI rather than panic, suggesting that the skills required will shift towards utilizing AI tools for efficiency and enhancement. UX design is ""evolving, not dying,"" adapting to technological advances.
*   **Implication for Role:** UX designers at Zomato will need to proactively upskill in AI tools and methodologies. Their value will increasingly lie in human-centric aspects that AI cannot replicate (empathy, strategic thinking, complex problem-solving, ethical considerations), and in their ability to design *with* AI, not just *for* it.

**4. Acquisition/Merger Likelihood (Zomato)**

*   **Assessment:** **High likelihood of Zomato being an acquirer; industry-wide M&A activity expected to increase.**
*   **Analysis:** Zomato has a proven track record of acquisitions, having recently completed the acquisition of Paytm's entertainment ticketing business for $244.1 million (September 2024), and a total of 16 acquisitions listed. The broader Foodtech industry is predicted to see ""much more acquisitive"" activity in 2025 due to favorable economic conditions.
*   **Implication for Role:** Zomato's growth strategy includes inorganic expansion. This means potential for UX designers to work on integrating new products/services acquired, expanding their domain knowledge, and contributing to new user experiences. It indicates a dynamic and expanding company.

**5. Skill Relevance (UX Designer)**

*   **Assessment:** **Highly relevant, with an emphasis on adaptability and AI integration.**
*   **Analysis:** As established under automation risk, UX design is evolving, not dying. The core skills of understanding user needs, crafting intuitive experiences, and solving complex problems remain critical. However, the relevance of these skills will be amplified by the ability to utilize AI for data analysis, pattern recognition, and rapid prototyping. Designers who can strategically implement AI to enhance their workflow and deliver better user outcomes will be highly valued.
*   **Implication for Role:** A UX Designer's skills are not becoming obsolete, but rather transforming. Continuous learning in AI/ML applications for design, data-driven design, and strategic thinking will ensure sustained relevance. Zomato, as a tech-forward company, would likely prioritize designers with this adaptive skillset.

**6. Product Demand Future (Zomato & Food Tech)**

*   **Assessment:** **Strong and expanding long-term product demand.**
*   **Analysis:** Zomato's projected growth and profit targets ($1 billion+ by 2030) are predicated on ""sustained order growth,"" directly reflecting strong product demand. The broader ""food services market is poised to serve an additional 110 million customers by 2030,"" indicating a significant increase in the consumer base for food delivery and related services. Emerging food tech trends like the plant-based market (expected to reach $1.99 billion by 2030) and alternative fats/oils suggest diversification and new product categories that will require extensive UX input.
*   **Implication for Role:** The increasing market size and diversification of food tech products ensure a robust pipeline of work for UX designers. This includes optimizing existing food delivery/dining experiences and designing innovative interfaces for new product categories (e.g., plant-based, alternative ingredients, entertainment ticketing integration). The role will likely involve solving new and complex user problems as the market evolves.

---

**Overall Summary and Outlook for UX Designer at Zomato:**

The outlook for a UX Designer at Zomato appears **positive and dynamic**. While the broader Foodtech industry faced a recent downturn, a strong rebound and growth are projected, indicating a healthy environment for investment and innovation. Zomato itself is on a path of projected long-term growth, supported by strategic acquisitions and an expanding market.

The primary challenge and opportunity for a UX Designer lie in the **impact of AI**. The role is not at risk of obsolescence but requires significant evolution. Designers who embrace AI as a powerful tool, focusing on leveraging it for efficiency and insight while retaining their unique human-centric problem-solving abilities, will be highly valued. The future of product demand is strong and diversifying, ensuring a continuous need for skilled UX professionals to craft intuitive and engaging experiences for a growing user base and evolving product offerings. Adaptability, continuous learning, and a proactive approach to integrating AI into the design workflow will be critical for success in this role."
108,Tom Wang,17000,2020,HR Manager,Cognizant,IT,32,4,6,0,"As a financial analyst, I have assessed the provided information to offer an outlook for an HR Manager at Cognizant in the IT industry across several key areas:

---

**Financial Analyst Assessment for HR Manager at Cognizant**

**1. Company Stock Trend (Cognizant - CTSH)**
*   **Outlook:** Moderately Positive
*   **Assessment:** Cognizant's stock outlook appears cautiously optimistic. Analyst price targets suggest an upside of 7.7% to 12.56% from its current trading price of $78.95. The overall analyst rating is ""Buy"" (6.7/10), with 7 Buy ratings against 19 Hold ratings, indicating some analyst caution but a net positive sentiment. Furthermore, EPS is projected to grow by 2.4% for the current fiscal year (ending December 2024). This suggests stable, albeit not explosive, financial performance, which provides a relatively secure foundation for employees.

**2. Industry Recession Risk (IT Industry)**
*   **Outlook:** Moderate Risk with Sub-Par Growth
*   **Assessment:** The broader economic environment presents a moderate but reduced recession risk. J.P. Morgan Research has decreased the probability of a U.S. and global recession in 2025 from 60% to 40%. However, this comes with a caveat of a potential ""period of sub-par growth"" and a projected global growth slowdown to 2.3% in 2025 (World Bank). While demand for tech talent ""remains strong,"" companies are becoming ""more cautious with hiring."" This implies a tighter, more competitive IT job market, even if a full-blown recession is less likely. HR will need to navigate this cautious hiring environment.

**3. Automation Risk for the HR Manager Role**
*   **Outlook:** Minimal Risk for the Managerial Role, but High Pressure for Automation within HR
*   **Assessment:** The specific role of ""Human Resources Manager"" is assessed as having a ""Minimal Risk"" of automation (12%). This suggests the strategic, complex, and human-centric aspects of a manager's role are less susceptible to direct replacement by AI. However, the broader HR function is under ""intense pressure to automate, improve their services, and reduce headcount with AI."" While 34% of *analyzed HR roles* (likely more repetitive ones) are at ""high risk of automation,"" an HR Manager will likely be *leading* or *managing* this automation, rather than being automated themselves. The manager's role shifts towards strategic implementation of AI.

**4. Acquisition/Merger Likelihood (for Cognizant)**
*   **Outlook:** High Likelihood of Continued Strategic Acquisitions
*   **Assessment:** Cognizant recently completed a significant acquisition of Belcan for approximately $1.3 billion (June 2024). This move was strategic, aimed at ""significantly expand[ing] Cognizant's ER&D capabilities,"" strengthening its leadership in ""Internet of Things (IoT) and Digital"" services, and establishing a ""leadership position in aerospace defense market."" This demonstrates Cognizant's active strategy of growth through acquisition, focusing on expanding capabilities in high-growth areas. It's highly probable that Cognizant will continue to pursue strategic acquisitions to bolster its service offerings and market position. For HR, this means managing integration challenges, talent retention, and cultural assimilation post-acquisition.

**5. Skill Relevance (for HR Manager)**
*   **Outlook:** Evolving, with a Strong Emphasis on Digital, Analytics, and Change Management
*   **Assessment:** The broader workforce fears skills obsolescence due to rapid technological change. For HR specifically, the pressure to ""automate, improve their services, and reduce headcount with AI"" means a critical shift in required skills. HR Managers will need ""strong project management skills to lead important projects"" and deliver a ""complete employee experience."" Implicitly, this requires proficiency in people analytics, understanding AI's capabilities, and leading organizational change. The ability to leverage technology for ""growth and scale"" within HR operations will be paramount. Traditional HR skills will need to be augmented with digital fluency and strategic foresight.

**6. Product Demand Future (for Cognizant's Services)**
*   **Outlook:** Strong and Growing, Driven by Digital and AI Transformation
*   **Assessment:** Cognizant's core ""products"" are its IT services, and demand for these is projected to be robust. The company's own research indicates that ""AI-powered consumers could drive up to 55% of spending by 2030,"" and ""AI-friendly consumers will account for a staggering 55% of purchasing activity."" AI is also expected to ""transform insurance by 2030,"" influencing communication strategies and product access. Cognizant's acquisition of Belcan further underscores its commitment to expanding its leadership in ""Internet of Things (IoT) and Digital"" services. These trends suggest sustained and growing demand for Cognizant's expertise in digital transformation, AI integration, and engineering research and development across various industries. This positive demand outlook is beneficial for company stability and growth opportunities.

---

**Overall Summary for the HR Manager:**

The HR Manager at Cognizant operates within a dynamic environment. The company's financial health is stable with an optimistic growth trajectory, supported by strategic acquisitions in high-demand areas like AI, IoT, and digital transformation. While the broader economy faces moderate recession risks and cautious hiring, Cognizant's specific service offerings are in high demand. For the HR Manager role itself, direct automation risk is minimal, but there's significant pressure and opportunity to spearhead the automation and digital transformation of HR functions. This necessitates a proactive approach to skill development, particularly in project management, data analytics, and change leadership, to ensure both personal and departmental relevance in an evolving tech landscape."
109,Emma Davis,16000,2020,Teacher,DAV Schools,Education,36,0,0,0,"As a financial analyst, I will assess the various factors for a Teacher at DAV Schools within the Education industry based on the provided information.

---

**Assessment for Teacher at DAV Schools (Education Industry)**

**1. Company Stock Trend (for DAV Schools):**
*   **Assessment:** The provided texts do not offer any information regarding the stock performance or market valuation of DAV Schools as a publicly traded entity. The ""DAV Coin USD Price (DAV-USD)"" refers to a cryptocurrency and is not related to the stock of DAV Schools, which appears to be an educational institution network, likely a private or non-profit organization, not listed on a stock exchange. The ""PERFORMANCE ANALYSIS"" documents pertain to academic and operational performance, not financial stock trends.
*   **Conclusion:** No relevant data available to assess a company stock trend for DAV Schools. It is presumed to not be publicly traded.

**2. Industry Recession Risk (Education Industry):**
*   **Assessment:** The education industry generally exhibits a mixed to somewhat counter-cyclical response to recessions, particularly in higher education, as individuals may seek to upskill or reskill during economic downturns (""Why People Turn to Education When Facing a Recession""). However, recent predictions for 2023 indicated ""No Enrollment-Boosting Recession,"" suggesting that not all recessions will necessarily lead to increased enrollments, especially with factors like inflation at play (""Higher Education Predictions 2023, Part 1""). For K-12 institutions like DAV Schools, demand for basic education tends to be more stable as it's considered a necessity. While higher education enrollments can fluctuate, the core demand for quality education remains fundamental.
*   **Conclusion:** Low to moderate direct recession risk for the basic education sector, with some counter-cyclical tendencies in certain segments (e.g., higher education for upskilling). K-12 demand is generally stable.

**3. Automation Risk for the Role (Teacher):**
*   **Assessment:** The role of a teacher consistently shows a ""Minimal Risk"" of automation (15-16% calculated risk for Postsecondary and Secondary School Teachers) according to multiple sources citing ""willrobotstakemyjob.com."" While AI can automate certain tasks (e.g., grading, content delivery, administrative work), the core human aspects of teaching—such as fostering critical thinking, emotional support, social development, adapting to individual student needs, and facilitating complex discussions—are considered difficult to automate. One article acknowledges that ""One Day, AI Will Make Teaching Obsolete"" but immediately clarifies that the role will shift to human-centric aspects beyond just content delivery.
*   **Conclusion:** Minimal direct automation risk for the core pedagogical and human interaction aspects of teaching. AI is more likely to augment the role by handling administrative or content-delivery tasks rather than replacing the teacher entirely.

**4. Acquisition/Merger Likelihood (for DAV Schools):**
*   **Assessment:** The provided texts offer no specific information or indicators regarding the likelihood of DAV Schools undergoing an acquisition or merger. While examples of mergers and acquisitions in the broader education sector are mentioned (e.g., Adtalem buying Walden U, merger of specific state schools in Arkansas), there is no context or historical data provided for DAV Schools itself in this regard. A mention of a ""takeover"" in one article refers to restoring CBSE affiliation rather than a corporate M&A event.
*   **Conclusion:** No specific data available to assess acquisition/merger likelihood for DAV Schools.

**5. Skill Relevance (for Teacher):**
*   **Assessment:** While AI and EdTech are evolving the educational landscape, the relevance of a teacher's core skills is shifting rather than diminishing. Pure content delivery skills may become less critical as AI provides information, but pedagogical skills, ability to foster critical thinking, creativity, emotional intelligence, and interpersonal skills become paramount (""One Day, AI Will Make Teaching Obsolete. As Educators...""). The acceleration of EdTech adoption due to events like COVID-19 (""EdTech's Answer to an Obsolete Education Model"") indicates a growing need for teachers to integrate technology effectively. Therefore, skills in personalized learning, social-emotional learning, and leveraging educational technology are becoming increasingly relevant.
*   **Conclusion:** Traditional content delivery skills may face some pressure, but the human-centric skills of teaching (mentorship, critical thinking facilitation, social-emotional support, adaptability, and technology integration) are highly relevant and increasingly crucial for the future.

**6. Product Demand Future (for Education from DAV Schools):**
*   **Assessment:** The demand for quality education, particularly K-12, remains robust and fundamental. DAV Schools' own performance analyses emphasize improving the ""quality of education"" and ""academic performance of students,"" which directly addresses the market's continuous demand for effective learning outcomes. Education is seen as a long-term investment, even during economic uncertainty (""Why People Turn to Education When Facing a Recession""). While the delivery methods are evolving with EdTech (""EdTech's Answer to an Obsolete Education Model""), the inherent need and demand for the ""product"" (education) itself are strong and enduring.
*   **Conclusion:** Strong and consistent demand for quality education is expected to continue. The future demand will likely favor institutions that adapt to evolving pedagogical models and effectively integrate technology to enhance learning outcomes.

---

**Overall Summary:**
A Teacher at DAV Schools operates within an industry with generally stable demand for its ""product"" (education), albeit with evolving delivery methods. The core teaching role faces minimal automation risk, emphasizing the enduring relevance of human-centric and advanced pedagogical skills. There is no specific financial information provided to assess DAV Schools' stock trend or acquisition likelihood. Overall, the outlook for the role appears stable, provided the individual teacher adapts to technological changes and focuses on developing critical human interaction and facilitation skills."
110,Liam Roy,14000,2020,Field Technician,BSNL,Telecom,30,6,10,0,"As a financial analyst, here is an assessment for a Field Technician role at BSNL in the Telecom industry, based on the provided information:

**Overall Assessment:**
The role of Field Technician at BSNL operates within a growing global telecom industry with strong product demand. While BSNL itself has faced financial challenges, a significant government-backed 4G rollout and fiber expansion plan aims to improve its revenue and market position. The role itself is less susceptible to full automation than some others, but requires continuous skill adaptation due to rapid technological advancements.

---

**1. Company Stock Trend (BSNL - Bharat Sanchar Nigam Ltd.)**

*   **Analysis:** The provided information indicates that BSNL (Bharat Sanchar Nigam Ltd.) has recently returned to profit, but experts warn this ""comeback may be short-lived, citing one-off gains, lower amortisation, and deeper structural issues."" This suggests a volatile or precarious financial position in the past.
*   **Future Outlook:** Despite past challenges, there's a strong projected revenue growth potential. BSNL is ""projected to increase revenue to ₹24,000–₹26,000"" with a ""pan-India 4G rollout scheduled for June 2025"" and expanded fiber backbone. This aggressive 4G rollout and government support are seen as positive drivers for its future financial performance, potentially benefiting associated stocks.
*   **Conclusion:** The company's financial trend is currently in a recovery phase, heavily reliant on government support and the successful execution of its 4G and fiber expansion plans. While short-term sustainability of profit is questioned, long-term revenue projections tied to infrastructure development are positive.

**2. Industry Recession Risk (Telecom Industry)**

*   **Analysis:** The global telecommunications industry appears highly resilient to recession and is experiencing robust growth.
    *   ""The sector's total service revenue across fixed and mobile rose 4.3% in 2023 to US$1.14 trillion.""
    *   ""In 2024, the global telecom services market recorded accelerated growth, a notable shift from the previous year.""
    *   Outlook for 2025-2028 predicts ""continued growth in FWA (Fixed Wireless Access) and generative AI integration on smartphones,"" with Deloitte forecasting ""around 20% annual net additions growth globally in 2025-2026.""
*   **Conclusion:** The telecommunications industry faces a **low recession risk**. It is a growth sector driven by increasing demand for connectivity, new technologies (FWA, AI, 5G/6G), and expanding subscriber bases.

**3. Automation Risk for the Role (Field Technician)**

*   **Analysis:** While automation is a significant trend across many industries, roles requiring complex physical interaction, flexibility, and on-site problem-solving are generally considered safer.
    *   ""The most common jobs found to have a low risk of automation are jobs in the medical field, as they are complex and require flexibility."" This principle applies to field technicians who deal with varied, unpredictable physical environments and equipment.
    *   A ""workforce crisis"" in field service technicians is noted, implying a continued human need for these roles.
*   **Conclusion:** The automation risk for a Field Technician is **relatively low to moderate**. While AI might assist with diagnostics or route optimization, the hands-on, complex, and unpredictable nature of physical infrastructure installation, maintenance, and repair makes full automation challenging and unlikely in the near term.

**4. Acquisition/Merger Likelihood (BSNL)**

*   **Analysis:** The information specifically addresses BSNL's merger activities, primarily concerning MTNL.
    *   ""The merger of MTNL with BSNL is deferred"" due to ""financial reasons, including MTNL's high debt.""
    *   More recently, ""BSNL-MTNL merger plans have been scrapped,"" and instead, ""MTNL's telecom operations will be handed over to the much bigger BSNL.""
    *   The general telecom outlook mentions ""M&A activity"" as a potential future for the industry, but specific to BSNL, the focus is on internal consolidation rather than external acquisition or merger with private entities.
*   **Conclusion:** A full-scale **merger is unlikely in the immediate future** for BSNL, particularly with MTNL, due to historical financial hurdles. However, **operational consolidation is highly probable**, with BSNL absorbing MTNL's operations. As a government-owned entity, traditional commercial acquisitions by private players are less likely than government-mandated restructuring or operational consolidation.

**5. Skill Relevance (Field Technician)**

*   **Analysis:** While the core function of a field technician remains relevant, the specific skills required are undergoing rapid evolution.
    *   ""Skill Obsolescence is Accelerating"" generally, and ""40% of tech professionals predicting their skills will be obsolete within three years.""
    *   For field service technicians, the industry needs to ""make compromise in terms of Field Service Technician Skill Sets As We Face A Workforce Crisis,"" indicating that while the demand for the role is high, the *nature* of the required skills is changing.
    *   BSNL's ""Pan-India 4G Rollout by June 2025"" and ""expanded fiber backbone"" directly imply a need for updated skills in 4G technology, fiber optics, and related network infrastructure.
    *   The industry's move towards FWA and AI integration also suggests new technical competencies will be needed.
*   **Conclusion:** The **relevance of the Field Technician role is high**, but the **relevance of current skill sets is rapidly diminishing**. Continuous learning and adaptation to new technologies (e.g., 4G/5G, fiber optics, IoT, AI-assisted tools) are critical for long-term career viability and to avoid skill obsolescence.

**6. Product Demand Future (Telecom Products/Services for BSNL)**

*   **Analysis:** The demand for telecommunications products and services is exceptionally strong and growing globally.
    *   ""Continued growth in FWA and generative AI integration on smartphones"" will drive demand.
    *   ""Promising Future for Telecom Careers Amid Growing Demand for Connectivity.""
    *   The overall sector revenue growth (4.3% in 2023) further indicates robust demand.
    *   Specifically for BSNL, its planned ""full 4G services and expanded fiber backbone"" directly addresses this growing demand, positioning it to capture significant market share and ""increase revenue.""
*   **Conclusion:** The future demand for telecom products and services is **very high and positive**. BSNL, with its strategic investment in 4G and fiber infrastructure, is well-positioned to capitalize on this increasing need for connectivity and advanced services."
